{
    "loss": 14.437399864196777,
    "accuracy": 0.4313725531101227
}